wallet_address,previous_tier_v1,previous_tier_v2,final_assigned_tier,num_4x_trades,avg_roi,early_entry_score,hold_score
2BQuz9c3pi3zwKikPyJdFoeAPVbjeiA9ETmgQy5ZX8XZ,Tier 1,,Tier 1,3.0,12955604.754,0.0855359700920456,21.087212
EnQLCLB7NWojruXXNopgH7jhkwoHihTpuzsrtsM2UCSe,Tier 1,,Tier 1,13.0,11704296.43746479,14.462441977326977,0.2065472016901408
8hkQzAFXKmoB77o62RWjBJ8StVk8TqabsUJfqge9wxbr,Tier 1,,Tier 1,3.0,3549511.495,142.383139216467,1.0507439725
2iCmwtaM14u5XijJ6Wx6pbxSqvvPbvzUVXAhk1B4aEtr,,Tier 2 (Strong),Tier 1,2.0,2851324.1,0.008,0.6355
FMZaFX16Gc9kPcVi5w4y8Ywr2mUCsjKdQrNgLrSgaUfg,Tier 1,,Tier 1,1.0,1399674.4923076923,0.1073563103800121,0.2251537692307703
9ixRrVsi8iWFwXqAe8XmtEh76a1sjx7kxBG7S1UiF57S,Tier 1,,Tier 1,5.0,1244283.4644444445,3.066854610014357,1.9097836944444448
FZhRoZvvhiNxuDjNwC2owbTDZi1q61rnaP9Ki86AoD24,Tier 1,,Tier 1,14.0,1242151.33,419.7612593845208,0.02261075
Fi1fVpmZ4a8NSv59fVbM4nCyYuKNaD7V4JY86yNHGCp4,Tier 1,,Tier 1,6.0,1193175.25125,1.3832865763335067,0.4708728749999999
21Re7ghAGLCH1WPwygPJonkBSQL2AkUWeAhLcsbmPVk5,Tier 1,,Tier 1,1.0,1134239.38,6944.396219470698,0.016856
45yBcpnzFTqLYQJtjxsa1DdZkgrTYponCg6yLQ6LQPu6,Tier 1,,Tier 1,15.0,925456.434,8.58811803296439,0.19988728
CNudZYFgpbT26fidsiNrWfHeGTBMMeVWqruZXsEkcUPc,,Tier 2 (Strong),Tier 2,2.0,921746.175,0.005,0.9135
4MuzdBper7q5B4kpy6jRDjGb2zctqHVLrLwjbH7TYtx5,Tier 1,,Tier 2,1.0,815086.41,0.3332777869244199,1.419
EaVboaPxFCYanjoNWdkxTbPvt57nhXGu5i6m9m6ZS2kK,Tier 2,,Tier 2,20.0,615946.1652542372,0.4703157419533072,0.198900962881356
qVNtxbLw5epZ7Qf2DoGnawMxghv17kfetWWb1tJajf4,Tier 2,,Tier 2,26.0,613495.3070786516,168.86668043695386,0.0588436752808988
BSELZvgK9mNQSNrjKH1eiahuEPzsDSvVkVYdtLC9MxMw,,Tier 2 (Strong),Tier 2,2.0,569190.64,5.0,5.0
D4FTjsFmPTVewiBnmDk6yBy1b6Wi1pXnTQfeRGh9HR1j,Tier 2,,Tier 2,22.0,567548.235,0.2407645016561123,0.7988687362068978
CCQNECDxxRYiuiYCLy5hUtXSUisoMC4Wi9GNMmUEPdfx,Tier 2,,Tier 2,1.0,508236.44,11261.134446684158,0.0049112
6uckDk6J5GsasTt6zj4dSwYmhWiWUsrcqmdg8UkuYHzT,Tier 2,,Tier 2,2.0,494318.06375,0.0758245732605305,0.0807462062499997
ABUqmjGYiZd4mFxVa2ZV4zZUUbB7a7U7EvoPkw4YHvC6,Tier 2,,Tier 2,4.0,432326.565,861.041406620203,0.0350397833333333
54siUULTj7aJbyqK9ZkrXDPuyr9Ub7T169a54gC2BLuX,Tier 2,,Tier 2,2.0,427242.6825,352.1745546136452,0.0624105
4rh1GdKZJXjJV8xusWynjC8hNPHkaeUZmyVyETmYAU4m,,Tier 2 (Strong),Tier 2,2.0,423281.125,0.001,0.9595
9UWZFoiCHeYRLmzmDJhdMrP7wgrTw7DMSpPiT2eHgJHe,,Tier 2 (Strong),Tier 2,2.0,421843.525,0.001,0.9815
AgUw7KZoMmxDMbn6MxWSbbQakPdWSUCZXbiQdHYnxhF9,Tier 2,,Tier 2,6.0,413045.1616666666,20.84468529104093,0.111892475
dS8AzSWKkLunMja4CnAVBmJzpqTphfbqNQoQxPPagTv,Tier 2,,Tier 2,4.0,369763.8983333334,240.03594778354,0.0684355416666666
5mHP1M73sMWZhfbKcd1EQvQtTA6ReiARfG2E4b24pc3,Tier 2,,Tier 2,3.0,362825.86842105264,29.741172639556886,0.2466923684210526
7wWpvLygaJVwbTEozu5GYLNaN56xcugFqZAzjQNaKqcC,Tier 2,,Tier 2,2.0,349484.1,8196.654125785853,0.056378
7r8r5Dp92bYDC9ykwynGrLSMs28nMhfkd1uEDeKZq1WN,Tier 2,,Tier 2,2.0,327199.135,23120.852697047467,0.00131625
DTdHa4auX68jFtXv9wkzMYCahg295AnRuwvm6moW6meZ,Tier 2,,Tier 2,10.0,347368.4058064516,0.1919551120503036,0.1468566548387091
A6RDMGTiRuvJP2XPm1pmJ2YLNowLCjxcT6BPpee4V1qG,Tier 2,,Tier 2,2.0,288817.925,3033.0511584738897,0.0069203
ATmKENkRrL1JQQnoUNAQvkiwgjiHKUkzyncxTGxyzQL1,,Tier 1 (Elite),Tier 2,2.0,285869.435,0.001,0.9705
DygBZFmF6z16nXywkvM2X3PB4mgLiTSdwJisV1jcfwc2,,Tier 2 (Strong),Tier 3,2.0,270926.62,4.0,4.0
EJXQSBTiAUu1zrioeMnwh5X6iu53fvhZbcghn8Ht6nZv,Tier 2,,Tier 3,7.0,264342.60291666666,171.34641816447947,0.3844908708333334
DhpdM7sFwdqun93eDFbfMd4wXoAcrszouKFRqc9rZhsQ,Tier 2,,Tier 3,3.0,247793.46666666667,2.1378888373243563,0.1845821666666666
2YndpMw4Jii4eGQzDefKLK4T5XePPi4CF93CGYKCXJ3g,Tier 2,,Tier 3,2.0,237653.405,5154.612605089665,0.0052275
zrK1svFPxVpEsqHqRQL7TuFKHiJwT6T8gGuRFqx5oQs,Tier 2,,Tier 3,3.0,236608.69,2800.916459865668,0.0073929749999999
8drE5TwyowssRKPWNZ2BaSYkauWnM9LSSw6mFyHbNJ9i,Tier 2,,Tier 3,1.0,232040.41384615385,17.83788350504471,0.3019354615384615
9SkBXVd7egJTDdD4AGgKHUPCGADXoqxq5tbF3Efh5cNQ,Tier 2,,Tier 3,5.0,229806.88052631577,0.2733517473353159,0.1196962368421048
J35TasdpFUn7HuhG9NApPghen9MMLUvZ6e2TFvLLSGKD,Tier 3,,Tier 3,4.0,216873.756,0.0227456115828727,15.438875400000017
G3K9kWBDUmtnxypFZSzZDdMS9d8GWnZUrbsvobSJkwVG,,Tier 2 (Strong),Tier 3,2.0,214628.26,5.0,5.0
CHr8tjZ6ArWAunvpJ1Y8KKoh3Yaha3rePK4WbYkzuXHy,Tier 3,,Tier 3,9.0,208439.54675675675,69.64102387987509,0.0222725945945945
FR6D4oNcsSAzRT185QTnJY5Qq6d4uuKbVDEJNgTnMWWi,Tier 3,,Tier 3,4.0,198888.13357142857,1435.1741081469297,0.0034060999999999
9DNRNAvK71Npg9XSXRZNRgHbbS6A9dmZjVDXXgAgK7Qg,Tier 3,,Tier 3,7.0,195954.39,281.0291374444503,0.0061087566666666
6T8Yr9DUUS2R8GHevaeaZcoxA1Jku51ZBkmcM7NaZiNE,,Tier 2 (Strong),Tier 3,2.0,187615.815,5.0,4.0
3tc4BVAdzjr1JpeZu6NAjLHyp4kK3iic7TexMBYGJ4Xk,Tier 3,,Tier 3,8.0,177025.20325,0.508263987167237,0.1013703099999998
2WfNxFN74pzJWKnXQ7NpkbnbEEhSLVJZGiB9NvxQ4Vpb,,Tier 1 (Elite),Tier 3,3.0,171620.18999999997,0.002,0.9906666666666668
6F8HZSpdueZaw6kyaxgK2ZiqZSYyuMR7hMogY4GYCb7w,Tier 3,,Tier 3,1.0,146722.13,24271.255552049708,0.0005868
8zh211LRYxP9fWyJKLVuEAjQck8hFWnW4SjGV32Rx6Jm,Tier 3,,Tier 3,18.0,168361.38,1453.1938013906615,0.0032161307692307
8K5276kWCmRnS1TLTAKxRznM6NehtHkqCVWxcQhzHrwF,Tier 3,,Tier 3,1.0,161058.37,1186.2382132405537,0.013157
Ah3yaeqtEdTYDmq1cwE5VsXbRJsLhBFD1PJSN8XWCoZf,Tier 3,,Tier 3,6.0,158165.09153846154,111.0067334720559,0.0364530769230769
9KEShFaBjyBjLVWSXGE6mvWwQbJkkxw1vF2K2R1abKvy,Tier 3,,Tier 3,5.0,150408.19666666666,926.0012826146656,0.0070312
GgyJMgFaDtFQ13b3rpo1YHKj5B3wi1mM8UZN3J7FQntq,Tier 3,,Tier 3,5.0,148108.88999999998,0.0432992467211299,0.3350100000000005
7kk7azE2ewZzuFCbVFoJLaDWRGeD9QynxcR3BTNmAeGy,Tier 3,,Tier 3,4.0,147285.58599999998,0.1801406522576619,0.2575292999999998
Efqoo7tUd9bhrA8kEZ6YhtBbo2mhr6VLAKzQEsBTyUsk,Tier 3,,Tier 3,5.0,146411.070625,174.16289908775212,0.0189561249999999
EoN2ef1hPAT9WCw6gjkgp6922WvagdCcjkJGkXqB33aW,Tier 3,,Tier 3,3.0,143584.1625,0.1759618514396386,2.6388
5EdLBiQGNM65tjUEVt5rgk35UCkgMCx2fdSxay2452R4,Tier 3,,Tier 3,2.0,140681.62857142856,163.3891312662912,0.0114295
BR1VVREkrcUvrNGjSYGgy1zcN13dR6rX57AbSqgAY1xQ,Tier 3,,Tier 3,12.0,135655.1613207547,16.857913691198913,0.042429477735849
CU35ZDB4JptaBVQWiq1gZsR8kso6dz1bQj8uR3xGn2kK,Tier 3,,Tier 3,16.0,132697.07744186046,8.589567741495452,0.2391608840697674
FUCtc9NkQXWKFDJyA4Xjkvm1CdYNEnvTZkXpThNexnij,Tier 3,,Tier 3,2.0,131367.90600000002,0.0303928089097396,0.7046800999999974
5q7Xwc2T57sK1DKU6zuwVXvMPsxqB2xrJ3T5AonFYtcY,Tier 3,,Tier 3,50.0,129429.19402597402,0.3476708101964993,0.0213975124675322
9aCt2KAxhFEiMavyV9pNV4hu7gR2BwRHzST3tXPifvUu,Tier 3,,Tier 3,3.0,128595.00545454543,36.81515310095156,0.014326909090909
72e6QM7gn9MH5u1YpgQbduexm4WAon1cnsSXPqKnLQec,Tier 3,,Tier 3,8.0,127517.71545454548,737.1221905341583,0.003255271090909
6xuMV6W6QVxrVmsZxEdLfV6kfhuBsg3ah1X8rydLfQvy,Tier 3,,Tier 3,12.0,126461.98500000002,20.29208384908201,0.12888415
7oaPXiGuKPhFRaKUp95gFZpZnNr9XinauXV7GrEbimiE,Tier 3,,Tier 3,15.0,123225.245625,396.0923901343684,0.0078220875
4WuZ4DinoYtokxLqqAT6jXsiBbuMcdVQJ7JU83jiq1Mi,Tier 3,,Tier 3,8.0,122626.09,348.95881739252616,0.0272454444444444
Dq7d954ZWuqFY3yPTTGqhdVTyFdPaVXVLDmgh3oM7Nq7,Tier 3,,Tier 3,12.0,121943.77909090908,0.1537708173770022,0.0998103545454531
FRa5xvWrvgYBHEukozdhJPCJRuJZcTn2WKj2u6L75Rmj,Tier 3,,Tier 3,12.0,116345.92267857144,0.4724976225821434,0.1363588785714289
69UZA6zGEedyHtowNb73PPXc6DH6ntqWF6hgyUCofVuQ,Tier 3,,Tier 3,1.0,115261.515,279.79846676036186,0.0747435
J3ABW43nGVrY9jv3imVn79axjUyLErjRZUKCqwjAdXQr,Tier 3,,Tier 3,2.0,113457.08111111113,18.52554339695096,0.0260760333333333
BENwZLhv5fxBmKR13RGoTgbKWTRk64quYn9WQtxKLfBv,Tier 3,,Tier 3,3.0,113355.943,65.73506494394344,0.01311832
DyBJcVZmpx3d8U1ngmBmQBBHL3aeyuoWMtBp91mcFvbL,Tier 3,,Tier 3,7.0,112227.2094736842,24.282977387848657,0.0085444684210526
3RJGfkMX8x3Li11iTccQcSBfDGrLgDPMyjpbhvQ38dZ7,Tier 3,,Tier 3,1.0,110661.87,141.54947510387726,0.0049353333333333
6Ry3qYJt2WrMTfBdwVBNNDz4yqstqpaqr7Ko6BhWB2tD,Tier 3,,Tier 3,5.0,110089.63684210526,0.0880311820268932,0.4294260263157881
HGrYmcXeRbiHWNpvRN8Vep25K14dogTPBbWHDKZ3rzFS,,Tier 2 (Strong),Tier 3,2.0,105933.43,5.0,5.0
9e1mmDLAd9LhJaecVTuPNHm4cyo1dZUAgwpPVJ3o6buB,Tier 3,,Tier 3,1.0,104625.08666666666,428.5712448980379,0.013
HXkP2HJ3436u1urLnLsupqjtX1647bA2TtcHNWiDt49U,Tier 3,,Tier 3,22.0,103856.97166666664,524.9721633510384,0.0056249476190476
9c4kWxhCyLRxYi38fDcQpktqWWA44nxE5syedUsN1hr7,Tier 3,,Tier 3,2.0,102415.685,1563.7192123233583,0.0093605
3wi8waD5A64D7PLutUYJdhMcrYvDBTqeh3CRFgv1hFtY,Tier 3,,Tier 3,9.0,103939.46,0.0788295147118899,1.0203960916666652
3dTNzdT9ZE8kk3KvR36FJBT8JkEitG8fPDB4dcBWxjEi,Tier 3,,Tier 3,9.0,103107.84727272727,15.114819845754612,0.0273652227272727
F5BwXazdmZjM5wYFZEhf18P9zdg5ZVAyUwwCVrgwfhsd,,Tier 2 (Strong),Tier 3,2.0,102249.15,5.0,5.0
8qLq4YSte7MrWPYwTXTidYq7MEL5q1V7jQmbVA2zM3dd,Tier 3,,Tier 3,1.0,100814.788,2.312260617872432,0.1695075999999999
52dq6ajenMwfVz5FYuPKKRzzjkW83Aa85X5xJgFHX7U1,Tier 3,,Tier 3,9.0,100327.241,0.94258600428205,0.5636227202350002
ABabNZiKrrS8MFk5DcHzUUi1pYrxy6LBBL8C3LDkGghV,Tier 3,,Tier 3,5.0,97100.07888888888,437.3101557655044,0.0033145722222222
A8JtjYMnaJ7W1DP1xghHXVNa7fNbjrfCEGPDMDFeVnct,Tier 3,,Tier 3,4.0,93796.05888888887,10.677017723739093,0.3486742222222222
4U7RCa8R7UZcNz3KUSexmrcMdFMd9WgQqqxb8rX7ffRB,Tier 3,,Tier 3,4.0,89849.238,3710.561370829793,0.0024009
GzNus5Ka6kjJrqKCJRHmEVLiAS3HJ9RrBp1mdnxqGXTb,Tier 3,,Tier 3,10.0,92507.134,267.6137338297746,0.0036556319999999
BPNUnorWNGLAhek7aK9Qf4hP4k2TRcWh2TMqwH9a3mXT,Tier 3,,Tier 3,1.0,91027.665,1749.7782156111714,0.0029285
HAN61KQbgzjDBC4RpZJ1ET8v32S4zdKAjoD7EApJ96q6,Tier 3,,Tier 3,8.0,91598.71464285711,0.9185919645944548,6.299188478571429
DNfuF1L62WWyW3pNakVkyGGFzVVhj4Yr52jSmdTyeBHm,,Tier 1 (Elite),Tier 3,3.0,89252.5266666667,5.0,5.0
39onAutV6HQy9s4EPF3kowmc2xEk49PjXsMhxAzakRvV,Tier 3,,Tier 3,27.0,89049.83836734694,24.94497407259867,0.0267409489795918
CP4FKhBkPRZYarNRqtJv4VtDR8J6umRsUNitgEazKxAc,Tier 3,,Tier 3,19.0,88969.58128205128,12.990241128982738,0.2240621358974359
FYGgfgZFeVxnJKF2RS6MKYHBsUpfJdCwumzkPpxWPM4u,Tier 3,,Tier 3,2.0,88419.64444444445,37.3583637026736,0.0093433444444444
5KDWQmGyyRVMAzgw9yhgoPhevA91Rtz6AjjXrbfN5usC,Tier 3,,Tier 3,3.0,84893.06625,3089.867243853868,0.0013134875
FbBba8W8EgHVkiQHKr5WFL689uohUdQcH5UZA3FasiK8,Tier 3,,Tier 3,18.0,87751.5442,3.3278366235615207,0.23980448
ApH45VZp3bhgGeFb2UBHTymxkjsGvNbrfAybd8TfXQLu,Tier 3,,Tier 3,6.0,87298.30736842105,1.2712476291944284,1.097164830263158
CANiQeNSC64GtbgWdt3R75zzcprEX8WQfxdbZM1EbeqQ,Tier 3,,Tier 3,6.0,86597.22238095237,1.4891959661288536,0.2871277523809523
2VNeYHAn9aPjmi3xLi6XgKPgeeRYSwZ6pXsfj49t8tUc,Tier 3,,Tier 3,11.0,84777.29384615386,40.99208889577192,0.1635726653846154
G5nxEXuFMfV74DSnsrSatqCW32F34XUnBeq3PfDS7w5E,,Tier 2 (Strong),Tier 3,2.0,82340.70499999999,0.045,0.8985
9oravMXmxyfFycuaNYc2jyiFSQvWYyQCGhPpMNyevGrs,Tier 3,,Tier 3,10.0,81393.81863636363,24.691252110027424,0.2567271
NFJKkZ7yeoAvfHLWNiqAw6CYKWnVAVAQu5PE3AC3qYt,Tier 3,,Tier 3,1.0,65594.71,13985.818380162516,0.0004765
AbcX4XBm7DJ3i9p29i6sU8WLmiW4FWY5tiwB9D6UBbcE,,Tier 1 (Elite),Tier 3,3.0,79437.07,5.0,5.0
7ATzf94TcPSP3Psjuiz7WdcLyXLRvzbmzhtCrZzRwWGA,Tier 3,,Tier 3,4.0,78388.08,99.28119422568662,0.0269276
2J4yED9RVQ9jEnj4t5AvKKVyxHH4eHiGxaLASy8mvPST,,Tier 2 (Strong),Tier 3,2.0,77016.04,5.0,5.0
ECMvT4GQ59aWQVidtzarfvSr7vaZZUnvi1SvaurmtLRD,Tier 3,,Tier 3,36.0,76881.97916666667,18.076674562542333,0.0935925796428571
3Q8rdmbL26rvUMgJPk4EY2AvMumQ9w3nsCHeaGvu3oac,Tier 3,,Tier 3,2.0,76143.168,713.7549864707743,0.00166956
FyNrn5ELHtimjCscVqRK11Q59VaH3knzahtcaPpcmSro,Tier 3,,Tier 3,13.0,76004.89222222223,1.5135198670972017,1.4961278222222223
CW6XezzEftYw4aALKo96x6oudqBZ3sfVXrfF23hAezdX,Tier 3,,Tier 3,6.0,75046.30216666666,5.237366081182152,0.0625002829999999
ByUKVad5XwVceShdDGokW35k37vxTFwtWM2Esn2vs7BR,Tier 3,,Tier 3,1.0,74984.36,0.322580645057232,22.9
FyBf17XqhMpif7Rd3pKUSJXGQXNcAjnwaUqtHNybbDt3,Tier 3,,Tier 3,1.0,74894.86,1.529051985429584,2.298
2LaWQTpLA6qNwnmo6je1qvv8pxjueJB37kRyg8bxyUUu,Tier 3,,Tier 3,1.0,64832.29,8849.479208148601,0.000734
33kcDpJizLykZNBAMusicTqxAMSW1inMsmzHN1vE4JRh,Tier 3,,Tier 3,12.0,73613.70333333334,0.0992184984003918,0.1106628571428558
6rAtPKFcQp8W6GFuAqx4iGmWj5mzYEYA5rwddeBNHHsW,Tier 3,,Tier 3,4.0,72212.00625,1259.622730396019,0.0032922374999999
DGPYpCdiVg2shab2TnNiZ2RnsjBQSmhgN71hJyWC5cYn,Tier 3,,Tier 3,10.0,72431.16,58.03488376699325,0.0107540222222222
Aqa8H5hmHe9MFY9sW6widbqEuaYv7q2KnRo25ApPhWhA,Tier 3,,Tier 3,18.0,71988.81875,0.6246465209274947,11.3187750075
F2SuErm4MviWJ2HzKXk2nuzBC6xe883CFWUDCPz6cyWm,Tier 3,,Tier 3,1.0,71013.95,0.0274055194708705,3.7816666666666654
27f89anBgqQnEbfftN8NsZPvY3n6Hvw7F4LajgjRgrWv,Tier 3,,Tier 3,13.0,70405.49966666666,329.5029349375587,0.0055605933333333
DfMxre4cKmvogbLrPigxmibVTTQDuzjdXojWzjCXXhzj,Tier 3,,Tier 3,33.0,70590.98181818181,0.4358230177605821,0.0565138534848483
7reT9xc4BDyMoCjPgriyLBWVgcUFBvrJSauPtZgYPLjn,Tier 3,,Tier 3,11.0,70389.55513513513,124.10800016370185,0.0156914756756756
7W7rw4hAEe9KNF8k7RYb9fQiCFb22GQGaZ6VL3DUawkQ,Tier 3,,Tier 3,23.0,69013.05581818182,14.19552017232391,0.0584830054545454
DzfNo1qoGx4rYXbwS273tmPaxZMibr8iSrdw4Mvnhtv4,Tier 3,,Tier 3,2.0,68300.7288888889,609.1779150804633,0.0052684444444444
HW8vXb3KLiMVEiGLyHGs5H4cieaMqfBMbmDbUYCu9ris,Tier 3,,Tier 3,21.0,68654.75967213114,147.96866278907427,0.0065335734426229
CkUKgV93zwuEAdCkQvjA94rDh1ajqjPXVhEvQ4BBfmCY,Tier 3,,Tier 3,16.0,68664.46139534883,0.1991092214210271,0.059186872093023
hJRWEXNPGcjvYyPqttHC4Fba3ZeNDBFkb15E32EwhAR,,Tier 2 (Strong),Tier 3,2.0,66739.48000000001,0.0085,0.9285
H7WkwWrQWTLNJfJhqjNV2DGM6hXxmvSBv7vEchQKa1ys,Tier 3,,Tier 3,15.0,66514.47125,9.283962411125485,0.051353215625
G2upvNYaDkzvXWy7s6zZZhHXj4gtJsfYRHCXY89W2wuv,Tier 3,,Tier 3,28.0,66302.89188405797,0.3143353158311869,0.0375962666666667
CfnqLak5jW89Vw9gTnbfBG3CDLZssa2o1a9L2vLkDHUR,Tier 3,,Tier 3,5.0,65485.58375,0.041061935563514,3.134545000000003
AbNgTcoWbUsEyPQ8hjFH4Tvrd1NPTSQ8m8n6QaVE1vWn,Tier 3,,Tier 3,4.0,64892.23,98.26680932386932,0.013698625
5HXKz4owD69TJJD7MoUA5qt4NAevMvEGtywZ1qEkDXJ,Tier 3,,Tier 3,8.0,64074.1352631579,0.0892639388264567,0.159136663157895
2RcJ5KV2DVN5AMEstXhFLqGBgZYrGNhTadD8aNbAD2Ht,Tier 3,,Tier 3,2.0,59401.87333333333,4597.680010666618,0.0005516666666666
2pENoWVJaBumKN57C7b6CzepDnNjZ5QsggXF5p3AcLj3,Tier 3,,Tier 3,2.0,61279.885,1598.7184672766311,0.0043745
AtvnQYaJto2DGu5y583rTNzrFxt9fsz8LWR4piK2MHSz,Tier 3,,Tier 3,4.0,62422.97230769231,5.152822788879456,0.0761623846153846
Ah2qhgMZMNQhWWHK9BwqagiYg95fxTnr15hPWWiiw8JR,Tier 3,,Tier 3,4.0,62138.97,110.4362108850126,0.00718825
DEvQEXRphANeNDSPKdZxxiaEokLtENecHMZc2yj6FAFX,Tier 3,,Tier 3,9.0,61645.36227272728,381.50847828025417,0.0101661
9iyAyxFsCo7iNobHb84FVN6YP3VRJMAJHSbQ6X9nQEfJ,Tier 3,,Tier 3,2.0,61771.5725,52.63157617728547,0.03075
BZmxuXQ68QeZABbDFSzveHyrXCv5EG6Ut1ATw5qZgm2Q,Tier 3,,Tier 3,14.0,59688.927,1734.3466542718695,0.001779215
7rTMDcnJC9o55BqPTZ2wffabaYdzTaC5SiKE4DDCsa8b,Tier 3,,Tier 3,3.0,60390.77272727273,709.7684986802501,0.005085
BrNoqdHUCcv9yTncnZeSjSov8kqhpmzv1nAiPbq1M95H,Tier 3,,Tier 3,46.0,59897.679056603774,764.0891770333956,0.0029108779231603
4qtNfXBi3D5UM3ACjoyBJgboR2CqY9RsABxBhsUsD9wD,Tier 3,,Tier 3,14.0,60470.97043478261,21.09526867949057,0.4806368543478261
687kTFNvKG9GXf8UsPzyrKbKpz5ExNrSCWfs7S4PTGiL,,Tier 2 (Strong),Tier 3,2.0,60161.285,5.0,5.0
DjNjRmjMBso49J7sfJKH1rSS8pEvBMJk6ABFX7tNABWH,Tier 3,,Tier 3,6.0,59331.05388888888,0.0800579161353074,1.1083211183333326
FVxeFYgyT4GC6D7gaLkMSu2qtSJfw2N4RVPZowi2A64Y,,Tier 2 (Strong),Tier 3,2.0,58234.48,3.0,5.0
34vRwqpiBPC9yu48SHRNeTerYU4SwVypF57YGkNvfQzC,Tier 3,,Tier 3,4.0,57953.659523809525,249.72642767141963,0.0092708095238095
Fj7sRd1dUmiXEVdZq8hhyA7uQKnTUKZZXPpVGYi2tAri,Tier 3,,Tier 3,9.0,57251.24864864865,0.3726143403228493,3.7676654324324335
MMQKSu4payRpJLWVgVZBztojNSZurXii5ywFKjzBfic,Tier 3,,Tier 3,2.0,57129.49,0.034381512573581,0.4199346666666699
KANYEsXAntLxYUE6GtPJ5CahFGpEbaSbd5xhNFYbvq3,Tier 3,,Tier 3,46.0,56969.01460869565,0.8821827245274229,0.0419846864347823
EUzignG58oGoLymgTikXHm3TNFYCSnYFZNbXxRHoQeZq,Tier 3,,Tier 3,10.0,56227.0788,663.426931816297,0.0041827559999999
DsKQFQf5jREYp5fqERtmgMcJVDLSwENq5kiT1yPbobZa,Tier 3,,Tier 3,10.0,56068.34481012658,14.692943758155154,0.0726208797468354
Fxj1j5ohVoRos1yQnvx6bsvYCt493VGpyLbMiq4eLff3,Tier 3,,Tier 3,13.0,55664.25852941177,393.1643338800553,0.0062200647058823
AUb9GfdEsVYK9wj8vgVwaT1yFP48DEMyiew1M4ugrs2C,Tier 3,,Tier 3,2.0,55916.581666666665,0.0188528754868747,6.722860166666671
4UtsTXeM6DpYXJJbZRCrD1Zhsaby7mfFMmi9ZhqWeeus,Tier 3,,Tier 3,9.0,54960.95272727273,331.832268280798,0.0029357939393939
4E28afxto87DQAPW3jLJbwdr6KD8gMAy6JoCWbmwgw6Q,Tier 3,,Tier 3,1.0,51697.095,3396.727592637253,0.0004891
E9cXfu99mJ8XNVVMkLjyhya3QySGfLoGc86idKH3yWcG,Tier 3,,Tier 3,9.0,54920.41,1.11216257879549,0.1186778076923077
GsaZdYyBfKemRyz8reSD5v1fx2xWCFpHGRBJ1mFr5Uju,Tier 3,,Tier 3,5.0,54151.092142857146,112.67187228958758,0.0240917428571428
3mmSy7SL2LEDTfoKAcfDCvn6vH8PYSrARneZU1Vhktqt,Tier 3,,Tier 3,4.0,53984.84238095238,175.17295263546075,0.0099180238095238
9hEspRms4fZXhMJJo4vAvUPVLEsykvHp43yKYn6F7ocQ,Tier 3,,Tier 3,2.0,53590.62,439.81801503385935,0.017393
E4KuDXd8Y4btRksxrjAXMG1xSwcswtph2ZDGrmd5HMRi,Tier 3,,Tier 3,3.0,52138.74800000001,446.1535098227387,0.0038193199999999
8VZec6dMJhsAh7iPkdUoDqPtge35yn22xibonAqAEhMZ,Tier 3,,Tier 3,21.0,52439.49081632653,0.228090903149441,1.0508727122448978
Gf9XgdmvNHt8fUTFsWAccNbKeyDXsgJyZN8iFJKg5Pbd,Tier 3,,Tier 3,12.0,51865.00023809524,95.09735934060144,0.0103542714285714
Bpk7VVctpzXYx4BuPnZzs3VSSAWSAQJVq9VufFAq5p6b,Tier 3,,Tier 3,14.0,51775.73225806451,0.2738203333927955,0.5125305001774194
DdXjwZ6T5DDpYxogrCXY1aUWQ5SYLN5apZBCgH8ipWSZ,Tier 3,,Tier 3,1.0,50407.33,222.2221728395171,0.035
Fo62XDVE3fg47xjeU5odUgQeMaX3s28NsMo3ib5mQEMj,Tier 3,,Tier 3,3.0,49988.89727272727,311.3799962300375,0.0038302181818181
Gw5WHSB5FbXdXGVZK5RCdm4bzc2M64rX1GcftibKM4RX,Tier 3,,Tier 3,9.0,49972.97440000001,263.0703200118908,0.0077054559999999
GtyhzqA5ARhfMMn1weV7knuVMyYTJ2ipfVKrTGsjk7ZC,Tier 3,,Tier 3,1.0,49715.5,0.9676393569720636,2.229307125
8FWUEfx3w3g3D4LJn6TuXnuT2M6pMMuDRg23jFAAz5TD,Tier 3,,Tier 3,3.0,48830.158,0.0581018461044629,1.522245220000002
68TWGYLqKqDPtt8cWQ3bvSi3WsmF7oJj7R9g3F8fce2j,Tier 3,,Tier 3,16.0,48141.39162790698,0.2172570794060981,0.2412851395348836
FKy2QyHNz2H7K8c4pZnifdP3ogrG4JujwNEB5bTzFEL3,Tier 3,,Tier 3,11.0,47995.1708,0.264654362563002,0.0551063699999998
BQ9qeftcQZQDTQ9WNQPKxnMtKtxYRP7F7Nke4aaj4Knb,Tier 3,,Tier 3,1.0,47888.32875,0.0390301011800933,0.1698908599999988
FfhdwP7fs48HuHG4zbeZZVa4LS2qr1A215eGBsiowgPq,Tier 3,,Tier 3,16.0,47492.54448275863,12.348249440560748,0.0322527931034482
7byPJ1nArieYopH1sR32BirQvEiA7hBNN5CPPPyzHDWC,,Tier 2 (Strong),Tier 3,2.0,47034.61,3.0,5.0
215nhcAHjQQGgwpQSJQ7zR26etbjjtVdW74NLzwEgQjP,,Tier 1 (Elite),Tier 3,3.0,45771.386666666665,0.004,0.9843333333333334
4fxpWbsubzCYqHvQFtAGETa4zqm1PZeqq8TVUCUnhmeJ,Tier 3,,Tier 3,18.0,45626.28969230769,5.641717756945178,0.3946101243076924
AZAKQL4raJJffGAde14UoSL3DpxcSm5eq47eNtYPfEz,Tier 3,,Tier 3,7.0,45153.4252,215.32043664400703,0.00951148
Fn5XEhYTD6EUV9HNXA2Y9mGVA71k94dWKTAaGFsyZQKz,Tier 3,,Tier 3,20.0,42188.73018867925,2416.2402344573634,0.0009611590188679
5NdoWHozBBdC2fLcNQj5PvyrSe8Y3D2S71bHM9xGtq6t,Tier 3,,Tier 3,2.0,43232.45222222222,882.4559808895333,0.0023176888888888
6dNz2BXUhAJCWvrXMXKENnZWutFwLi8kQ8SeYxjdmyvN,Tier 3,,Tier 3,3.0,43758.13583333333,43.58437745883989,0.0493893333333333
5o5P6jK1suNxykvh8Rj8JLYCPTi5HRNrpTvRmHw9iZsC,Tier 3,,Tier 3,2.0,41943.81,1769.9083718435895,0.0026813333333333
5LwtbNjQeDvRYB3dz8eVFrapGreCgz999LdR41ArFmNm,Tier 3,,Tier 3,12.0,43367.25378378378,257.73691924705963,0.0087192648648648
2iwsLRampx5krdYdyoAuXAaZtx5EjsgMizBHVDSbDkwe,Tier 3,,Tier 3,21.0,43444.35640625,1.1287380495676456,0.8222930859375
3y1oKkdNSbrmBgv1Q3zZuovbssJHAQmmmb4jbXCfVDEy,Tier 3,,Tier 3,5.0,42807.15714285714,4.561193604471303,0.3540367428571428
CcTMq5wKfCPtXtxb5fscsX55fc6UrksvdT4mpoCAhKkk,Tier 3,,Tier 3,4.0,42553.09294117648,171.3916712338346,0.012636
28ipXVfkdmu1PDowCHbcSfzkpH9edZmSiVoDhY5xGVfR,Tier 3,,Tier 3,19.0,42481.42967741936,33.28924902515737,0.550532820967742
GZYpqBRHuCagPHsXBtrAEQM9rA81uzoWgfhpPmbcxCuv,Tier 3,,Tier 3,1.0,41735.967777777776,792.1831590838456,0.0031821111111111
GvQy1MRaMGQW3tx46Af8d5U9TAmnmYHt9aXy3TGrtR5T,Tier 3,,Tier 3,1.0,42396.16,0.0457351932290996,16.251399999999997
3f3FfFKdaYCNXAMrieW8NXHapQssT5LhrzQCvsztbczU,Tier 3,,Tier 3,8.0,41964.64702702702,10.761564079289617,1.6825367054054057
EbNr5s54pCUFzEyBDjJWwqYQc7R5E8udmPEpDLwpbjKq,Tier 3,,Tier 3,10.0,41619.37,245.9770503279083,0.0054331486486486
6JxFjDw9EJUckkZU8eZGr5U6KPiJCY17HCmv6PHUPBpM,Tier 3,,Tier 3,1.0,40224.245,880.6685330968445,0.0013645
7SDs3PjT2mswKQ7Zo4FTucn9gJdtuW4jaacPA65BseHS,Tier 3,,Tier 3,2.0,40851.73285714286,3.9580827568914,0.9911082857142856
8zFZHuSRuDpuAR7J6FzwyF3vKNx4CVW3DFHJerQhc7Zd,Tier 3,,Tier 3,15.0,40365.64967741936,4.487641366531551,0.1304916
ETjmAFkghdRRwY8iBGDd7aAgZWBp5gSxLe2zPNPisaoN,Tier 3,,Tier 3,4.0,39228.28111111112,680.8480249620069,0.0036414666666666
23eKKxgiVLGcBssMkTkh9YVVPgV5V7DmQCYkiLg1LH5J,Tier 3,,Tier 3,1.0,38782.76666666667,805.5847430842565,0.0010099999999999
E9mEz2zVQfjKYj43HXihgzCZ2Je8pDv8v7cH2rot5uno,Tier 3,,Tier 3,6.0,37716.89750000001,638.4081675387323,0.00279491
mW4PZB45isHmnjGkLpJvjKBzVS5NXzTJ8UDyug4gTsM,Tier 3,,Tier 3,7.0,37894.71434782609,0.2204376429314555,0.057470973913043
HBJHpbSZuUAaWmd7CC5zyACVRLZ2oJEiMi4Z9jzfTcHx,Tier 3,,Tier 3,1.0,35931.605,1923.2581531721255,0.00121455
ANqwRG7pyjhsQTzxfNGU3K14DQnmK2U6r6CoqjyoJC8R,Tier 3,,Tier 3,10.0,37701.463,48.37249296252786,0.0134953449999999
AFdXzyzJxSAzVWY6JVXWXw4KesQmXMB1ngRJKeuVD2WR,Tier 3,,Tier 3,1.0,37519.3180952381,45.60795194709696,0.0203682857142857
ApepxzdbDgoWqTSSxVBmbE6jegnjdpvvmmS5vRoyLSVA,Tier 3,,Tier 3,0.0,37005.05,0.0073313782990664,504.9
EU39HgkBDMZXYfYmGp7Kj1mqCDaUpdhXvCnSMrvACCr7,Tier 3,,Tier 3,4.0,36994.06142857143,0.1399156288973679,5.358039166666666
6ZoxXkrwUmhFNUfctBZMVQr1H9dJfZ2Gi1rGCKTreP6C,Tier 3,,Tier 3,9.0,36853.55947368421,63.739562776590496,0.0248166578947368
BC8yiFFQWFEKrEEj75zYsuK3ZDCfv6QEeMRif9oZZ9TW,Tier 3,,Tier 3,5.0,36791.8555,0.1429394867015245,0.7999039749999994
3kebnKw7cPdSkLRfiMEALyZJGZ4wdiSRvmoN4rD1yPzV,Tier 3,,Tier 3,9.0,36711.5755882353,13.850410524782914,0.278950614117647
GUnn8mER68UJxtn2TWJ7v6cDf7cEf6FCqxLwmLxcBFns,Tier 3,,Tier 3,6.0,35665.7588,11.441475189670198,0.029449804
3zmXMdcJBpU2tESBuE41AUc8gpTcSYa9J76Lmxdnwtrw,Tier 3,,Tier 3,6.0,35517.79576923077,70.09245782885927,0.0053115538461538
ExCsisSuZuXmnuPMNVUiR7zTejfN3kmZdVidSExQE1vc,Tier 3,,Tier 3,1.0,35346.75,34.76890148455444,0.0049053333333333
952nKaqEPaEiQrH4HqSnT5jki9Eh6bJvwvfwLk4LxuW6,Tier 3,,Tier 3,3.0,35221.52933333333,98.17459717244724,0.0998140666666666
GH4NtrMtTrxRDMbQacT6bgyWVwDkoujLnCYwUY9pa5Cu,Tier 3,,Tier 3,8.0,35153.79352941176,36.81566444671891,0.039572944117647
HNPWG1925B9sfue9Ve159PpWdE1wcz1J4MkNvYjxfDBn,Tier 3,,Tier 3,1.0,35176.28999999999,0.0170245607660423,9.85933333333334
CWvdyvKHEu8Z6QqGraJT3sLPyp9bJfFhoXcxUYRKC8ou,Tier 3,,Tier 3,16.0,34811.35846153846,38.68776704340144,0.4031468053846154
2ssNnQ777XH4JZktYq6dh6bcMz5xdwP89pzTLPpEPkzK,Tier 3,,Tier 3,14.0,34718.71737704918,0.2736481049285206,1.4700029819672138
6KVyzB7Sxx2Rnk7J8ZEhBZPbKyiRq3tPY9YNhtCjcems,Tier 3,,Tier 3,4.0,34650.71777777778,2.179910953151728,1.1722101111111112
GFJhtZuENEB9StZiacHUd1aoBoCtY2wWLskhgwcyfaYN,Tier 3,,Tier 3,6.0,34221.33923076923,385.3049094099254,0.0035188076923076
5fWkLJfoDsRAaXhPJcJY19qNtDDQ5h6q1SPzsAPRrUNG,Tier 3,,Tier 3,33.0,33914.83186206897,610.8531029094323,0.0031203875862068
2Dr7TyDcwRBo6JvWMUXPn6Sb9R2JN3Z2tvbXT311wDHE,Tier 3,,Tier 3,18.0,34445.57,11.092175745630469,0.1196366677966101
62FZUSWPMX9pofoV1uWHMdzFJRjwMa1LHgh2zhdEB7Zj,Tier 3,,Tier 3,18.0,33919.222,27.230446134643422,0.0722377871428571
gtfo5mY5AokmeH3goo4TzzezZcGTWrXnboKDQzYrcmR,Tier 3,,Tier 3,2.0,33476.683333333334,374.9998593750528,0.008
DueFncQCgFcqWyrLAWkfyEXnEnbAs3fP4w3r4QYFnFyS,Tier 3,,Tier 3,8.0,32747.31333333333,891.9139968955448,0.002035275
Fqgsp9CziV5DhyseYahkbFWLPFwFKsMyoK3abEjauw6Y,Tier 3,,Tier 3,10.0,33087.444285714286,17.062615102421,0.7997932334693878
7UkAiqXg5PNYrtjNDSgjRMEuXRaYkc5eePBvepGxLRrG,Tier 3,,Tier 3,3.0,32622.391538461536,457.5690419767856,0.0093316153846153
6VFDBxHad8hcqZ2xH2DM2q84YNrNq2Z4itQX19EXmEFP,Tier 3,,Tier 3,2.0,32293.555833333336,0.0519209485359209,0.2738679166666671
FhAxeqEV1oDC5S7SHN3sz56WPWgJKFDMX2YZpvhZ6S47,Tier 3,,Tier 3,4.0,32182.424666666662,0.2273175018805254,3.365266666666666
AT6FsbUy1jNR2AHE35WCVh3nSdDtYADtdhA2KitQXmL5,Tier 3,,Tier 3,5.0,30561.18291666667,908.9730180449324,0.0017125249999999
FeAoJTb1SsqcxeT1fgr69We57uaxdYuaRB3z1bSh88QN,Tier 3,,Tier 3,4.0,31327.853846153845,18.608094146215212,0.0361287923076923
44G4Z777JYcT1mbZnSwWru6NTjEu4LgKNBGqGqjVVgEs,Tier 3,,Tier 3,1.0,31134.666000000005,0.0266074916046284,2.7480000000000047
6kX5fsJHcz3HQDVZ1K6t8sxvFtnt7gMdVMCnsPe6bUtV,Tier 3,,Tier 3,4.0,31056.65357142857,38.68386291108768,0.0116494285714285
9k4P14KzzoYCi4h58quL3Ya2jiScCsLsMgV6CMUkSkeE,Tier 3,,Tier 3,5.0,31055.5028,0.1397445850236943,0.415229587999999
65jT5wk8FQyUWcSjgBsBRLU5NiSYGVYwRSKRiopPNAQ3,Tier 3,,Tier 3,7.0,30455.94972222222,2.285967696336696,0.2774508055555555
E6gTYLyK5KJ3g3keUe7nNRiZVtzMAVop8GVDjaE6KQe4,Tier 3,,Tier 3,8.0,29880.485111111117,40.6376005205478,0.0111520177777777
BTCFpZvtExAMndZvxLxLaKfxT8GVGQyANq4pU4qL4CZr,Tier 3,,Tier 3,13.0,29280.22445945946,11.045410036916396,0.0413857662162162
6UG9ni4F319xrHgo8BSodQ4jTRg5ZMHBcEQpuuDn8SVE,Tier 3,,Tier 3,2.0,29208.87,7.249984079858823,0.034329209090909
FLk3gfRTwkeCPxUMARGqn27LhYQxJkqmqwNHCZ6hPXgj,Tier 3,,Tier 3,1.0,28754.84833333334,0.0281432995641153,6.80070666666667
9ru9BSVFSUqSRQFwdjjnkzQGf9yUdpRTjpjXPKc4BvxX,Tier 3,,Tier 3,15.0,28271.20887323944,0.437971194086188,0.1010648436619718
2aq4yZ6AoCW7BYGR8aw7yHeanjYygr3Q1NQBzfDc7mKw,Tier 3,,Tier 3,1.0,28171.455,5.113206363317825,0.0498895
HiHmr7eRkPLvXhRfdweAR7KZztLzrZhK3pKqj77tSUii,Tier 3,,Tier 3,2.0,27758.93115384615,410.31541474607167,0.0043237824807692
32nqmjYBupiMRaf8RLz42TAEnK2da44hebQCv5Gtu7W6,Tier 3,,Tier 3,5.0,27808.58318181818,8.946718954751637,0.1219755909090909
HriiiH43naxHMdNor5BqarSMWZFwNiS7bhnGMcbn3iSz,Tier 3,,Tier 3,4.0,27659.23625,2.6441812474026043,0.6649360999999998
3rK2JNR9oqXST8GCMe49L3u54WHtzimDwi1cjYMZuNmz,Tier 3,,Tier 3,3.0,27443.439999999995,4.241363240989539,0.21692675
9yYya3F5EJoLnBNKW6z4bZvyQytMXzDcpU5D6yYr4jqL,Tier 3,,Tier 3,27.0,27010.33212121212,267.5305297733592,0.0027548295454545
4t2bx5bqSL22xoNAh12eQNSfRbTt9AymK471TgchBst8,Tier 3,,Tier 3,4.0,26681.087647058823,28.46775250947132,0.0524174176470588
F1chUYt4XB84bF6MzfHgU2dtoWNyAXGdCfzDBLR2EM5s,Tier 3,,Tier 3,14.0,26665.10844262295,13.790971290006471,0.2273471233045082
dVs7zZksjFuq73xbtUC62brFXYYuxCuPSG4wZeGiHck,Tier 3,,Tier 3,10.0,26548.949107142857,10.281327494220822,0.137178825
53myo8WckSgQUSe8Bfi9vfpFN1wD9Gf9p6xcHJH4XXZ8,Tier 3,,Tier 3,2.0,26014.87153846154,299.22193320708163,0.0072407692307692
F6CvyShh8RHqpFfZVmM9KWdcLmNHZcjpYMpFCZe5a7Lu,Tier 3,,Tier 3,1.0,24758.355,1495.3248668039375,0.0012805
FFp6CA7vWjcQ6CwmtqJBMuW2WPC5C1eE9Kqmx9MQccgk,Tier 3,,Tier 3,1.0,25245.696666666667,740.1919021525521,0.0023156666666666
5T9SUN1XuaoBvBZCzn5SyDzUv1uJGn1vgo1QGUoq8HyS,Tier 3,,Tier 3,3.0,25586.58057142857,11.657165940424951,0.0247870285714285
HUpPyLU8KWisCAr3mzWy2FKT6uuxQ2qGgJQxyTpDoes5,Tier 3,,Tier 3,10.0,25420.612525252527,3.708285065990572,0.6870312767676767
GDeRVPbTFgvQ3aUT5V6gLf7UDj7mz3GcJTVjjxDuWhxb,Tier 3,,Tier 3,2.0,25436.6475,0.081750777088102,0.1353253749999989
AxThFwuQ1Vf5FMSmmBv3vb2DXRGPFkHjKbNZVs4YMx4X,Tier 3,,Tier 3,17.0,25179.536724137928,7.854550614773456,0.0587704939655172
Ehqd8q5rAN8V7Y7EGxYm3Tp4KPQMTVWQtzjSSPP3Upg3,Tier 3,,Tier 3,11.0,25162.740857142857,3.188752883015826,0.1214913042857143
8sGi4W7ZQCDMgzA17eF57voRUveXyT4XPA8WTsj6HLT8,Tier 3,,Tier 3,8.0,24847.7312,0.2398670233447406,0.0937936719999994
DF4iXy26ihNmMupHcmYCJf5TdpKs5Ep94E29y8QA6xGf,Tier 3,,Tier 3,6.0,24510.395384615385,1.036329735603264,2.098459175
BGbRupMPedBcPtQPghkFJo8tAKBSUc8uoiTmAWjNBSYF,Tier 3,,Tier 3,0.0,24280.81333333333,148.8611895706064,0.0084226666666666
6T4QEksk5Xn9kggnzbus1YqkmSasMh4TvJiXt1LYs7iD,Tier 3,,Tier 3,1.0,24139.025,196.29971118423487,0.0021557499999999
37b5R1Nm3isDXEjmZwjkjmdN6BoMwtmBg3nsKfeGZXZd,Tier 3,,Tier 3,3.0,23314.404444444444,863.2009659410633,0.0018519666666666
ECCKBDWX3MkEcf3bULbLBb9FvrEQLsmPMFTKFpvjzqgP,,Tier 2 (Strong),Tier 3,2.0,23929.275,0.0045,0.983
Cyd41su1nvqsLu8SVLbF6vo4cmNid455iro9NzVZGAjX,Tier 3,,Tier 3,9.0,23793.05773584906,16.36380933331126,0.3789028716981132
5w5hQRFJVvsjkuiKJ65Jc2sGeJ3BAzWXGFdBQqHxbn6J,Tier 3,,Tier 3,3.0,23765.33409090909,0.0845281223262568,0.4747533181818166
9LQk2zNDK9hAkgdQSr3agwsS9ufB1SaGTSNxf5Q8ieNv,Tier 3,,Tier 3,1.0,23555.29333333333,211.23037256179416,0.0058143333333333
EKPd4in8R8WPUXnHAFhwsxGsZtTZSzWR7KGPpJjx3mtz,Tier 3,,Tier 3,3.0,23706.695,0.0965792840819203,0.3601460000000021
73KcgcTVyLYhnVX3PJbit8e4mC7jU8QotNGBFGix14jn,Tier 3,,Tier 3,6.0,23694.16039215686,0.3628762741928514,0.0367794313725493
9t7AS2PFNjURc2BxXruxSiRVjjUu8AJZVJod8eJyqV3R,Tier 3,,Tier 3,6.0,23146.97375,224.8343097606364,0.0052525625
J82Nz57MwxwLVJXsLhtqDtugUQqVF1Gid164fZhaq7Bh,Tier 3,,Tier 3,1.0,23284.948571428573,21.83147302309673,0.0109088571428571
DogKbap8voKSGhVVuTYMy22Lnv3deMG1vqJpUGs7BPEp,Tier 3,,Tier 3,2.0,22870.89625,99.8926054598701,0.0036091249999999
5mtbmPwj2SMkxPP9c93s9oD9bmMdByTqepNarM9Y7u7e,Tier 3,,Tier 3,2.0,22181.63846153846,565.0893125831958,0.0011441384615384
DecXrBS8ADaac7yqLcC6WxNNAfMhVsF1SHmvSNv66yDe,Tier 3,,Tier 3,8.0,22530.275,7.252757583998708,0.1019328499999999
694X5Cuvx6xs4y2aDBu5U1RkZS4RTbcUCZ8qLbH7bVPc,Tier 3,,Tier 3,5.0,21706.65573770492,11.87548604819122,1.013282542622951
J8TnqRhoxfVnEq9w14Fvb2RecktTK6aCPavZERdNkCYF,Tier 3,,Tier 3,0.0,21667.101428571423,26.330934017248502,0.0453075714285714
22hQSTCXbgQdVVEUWBaHqZGwXuu18mnSp5jbrLvQzcxK,,Tier 1 (Elite),Tier 3,3.0,21651.1866666667,4.0,4.0
7DCYBoCuLWwYaQHhXxv6F6SV5ZAmnuhR1oucNYgVZWLa,Tier 3,,Tier 3,3.0,21393.93588235294,0.1089088740810937,0.2988292999999995
ATKi3ZvMbo31pbgBgGSGQPDPKEbQ4oGzoDrwG2sms56k,Tier 3,,Tier 3,7.0,21285.937758620687,25.332178476004596,0.0422830172413793
2EhrN1DmFms5UWiws8Lp2w4t2b1Vks4vfHAM2XBqwCMY,Tier 3,,Tier 3,1.0,21158.61,120.05319316882924,0.0110742
7MKVPMwJ2thChyinax7yuzDqGTxXW9ewk6L87GDCSu21,Tier 3,,Tier 3,1.0,21124.19392857143,8.443017101209318,0.2318446428571428
JDwyAAp36DSXbaGz5SegPTo8fUj1GCs1ncQU43PDEdvH,Tier 3,,Tier 3,2.0,20578.048461538463,16.20696012814659,0.0229891153846153
6kbwsSY4hL6WVadLRLnWV2irkMN2AvFZVAS8McKJmAtJ,Tier 3,,Tier 3,8.0,20455.41980769231,54.02244631813405,0.0678475038461538
ApXWPkMh4P4sgTCTAjN2XW717tZiHH7eoBLcVBLq4Ypu,Tier 3,,Tier 3,4.0,20461.813548387097,0.1605218004653302,0.0736209290322573
Ay9wnuZCRTceZJuRpGZnuwYZuWdsviM4cMiCwFoSQiPH,,Tier 2 (Strong),Tier 3,2.0,20430.955,3.0,5.0
M6vNLX9SFphEqbpaG3EF6iF8qxLPB5VxZG8WDaV9RkQ,,Tier 2 (Strong),Tier 3,2.0,20413.51,4.0,4.0
8y9ox5P36vD6vhxAbX3s8zSVA2XneEdrqvFBvkwH7ajh,Tier 3,,Tier 3,9.0,20337.51794117647,1.7820324341178035,1.1011205750000002
6fg77vTppRWZaQQaZhBqUtfu1PvRiCtWzoN8qF83fEbS,Tier 3,,Tier 3,1.0,20297.70875,0.0616086869073109,9.579897749999995
2huXTbjeBhtMZ1ugNwUGucYBRasRaaiypymUX6P1Kwjx,,Tier 1 (Elite),Tier 3,3.0,20270.3733333333,5.0,4.0
26CzDrh3a2nu21mcqoFvT7YnG4hTtRa5F9T9WowMa9DB,Tier 3,,Tier 3,1.0,20280.742,0.03010074182405,0.2546273999999968
5euvEJSn31FK2kMGrg6a8WG2Zy32ostcJxjFssTH3bV,Tier 3,,Tier 3,0.0,20267.06,6.72645735385791,0.1519999999999999
6erLmZHRPGh8yeD8Gyamddb7NTK3rM28oNJfuyNpTvR6,Tier 3,,Tier 3,5.0,20233.56071428571,1.1022588341966022,1.4704149285714283
2uE7XbngAbxaG4xbELSNkFKiJBb54nYLgYgfZRUoDA27,Tier 3,,Tier 3,2.0,20011.81357142857,93.62293153005938,0.0167474285714285
Hfs58WcKtsc3YMWKmri6JYEiJfK6nuUV8AvJiD1xW1rW,Tier 3,,Tier 3,1.0,19983.192666666662,14.482928810085513,0.0231532599999999
A513US1xhEv9GUk1GcEKpcXxUs6RxT3cvAugZJjb7M3q,Tier 3,,Tier 3,3.0,19513.19391304348,0.1103982698967811,1.2626633391304356
9KojyjpTxnDFmjSoxAzEiCBpLMqXKx1Ji7MY6Q3fGTw7,Tier 3,,Tier 3,1.0,19372.136,0.0182576371692947,28.52819999999999
FB3WiZdwBXg57Qo9eQjUriEp8NCeMUzbm5nUE7rw32zS,Tier 3,,Tier 3,2.0,19332.936153846156,21.292590871368706,0.0521806153846153
Ah7nwZyjrD2Qv2fmgEd2AzeMvYccB7vuFm3zP2iZwZ8q,Tier 3,,Tier 3,0.0,19194.286666666667,149.99997750000333,0.009
3XcHbc5Z7GfM3nXkP7NE8GT7ZawVsekxEfmPCofD1kcc,Tier 3,,Tier 3,4.0,19305.13176470588,2.689773976096667,1.0132807332352942
2SrLvSDXRdi9cbnffng8cWdL5g72T8k5yDqdVAsZLKic,Tier 3,,Tier 3,1.0,19056.14636363637,172.64919405551242,0.0107412727272727
CSThjWYyXEtAC7BXSHur7iRjhN3B5a3YEPczn4Mk6sxo,Tier 3,,Tier 3,3.0,19043.880555555555,0.0920269496951935,0.2956122777777779
FF32kiWVvgRyizd64qUpDdE7t3rYyGyTG8e1jzyVjRqd,Tier 3,,Tier 3,2.0,18671.19,123.62403360002337,0.014688049
8sHfJ1WTV3HsfDJwRHtiseMsBHVrE5qNNrZgSYswxpgv,Tier 3,,Tier 3,2.0,18753.52533333333,33.37756862503208,0.0162918933333333
9KWS5Apsi1UBzceKvACJG5VqAE1XBA3Y8E7EER73W96a,Tier 3,,Tier 3,1.0,18770.79722222222,0.1135484055446539,0.9740723611111104
FwRhh1vMdimZX17cbW1fMD5XoUxdCWhNj4gxT6d3a3pG,Tier 3,,Tier 3,0.0,17583.298000000003,987.36079446999,0.0017077
HS8BjVNAT4m36hLnD3GZvc74Y8iMVkx7pYhiMSDv1pWm,Tier 3,,Tier 3,4.0,18402.21833333333,8.854346365318708,0.05568555
7GBD3t2xWGbu9xhQP9r81EEbwhFvSp3Si4ki4gi7Sss6,Tier 3,,Tier 3,1.0,18174.801111111112,226.17606464654747,0.0066818888888888
57JMxCescrFBvb8bqjNwHPM9J7wPF12SV5KJa82HCd9B,,Tier 2 (Strong),Tier 3,3.0,18297.0033333333,3.0,3.0
Eqxr8e3tuavYEV5xbomqkCrrkJ69xVaGNm5ZwKc4k2aZ,Tier 3,,Tier 3,2.0,17890.2225,31.79233147346075,0.051483375
H3hkk4iFeoiLP1nXxPDA1QSdx6xzQPSSZ3VgdYCJXKBm,Tier 3,,Tier 3,6.0,17304.804242424245,170.7433954786,0.0044528045454545
DQcB6iwB5RgiC2Ef1BCraYS2crdSju6MypgHboBX6ZpE,Tier 3,,Tier 3,0.0,16958.71,71.42856632653098,0.022
4PZBgrJSARNAcLaiYvGwDtKVxDQG77mcHXo31hqJS828,Tier 3,,Tier 3,0.0,16717.885,215.8428198051328,0.007617
VUuZyNg3dWfvadYh2eYGsNV7KHoX1wNFtqAN32nzRuK,Tier 3,,Tier 3,1.0,16862.11125,0.0553411087560513,42.598875
CqPNRv7sVRTBCGFm2xV16AHQiwQQbAkGMxfQobufk9E4,Tier 3,,Tier 3,2.0,16345.355,93.1672328707617,0.00777575
7gj99xuKBK9qWFApe4fTXYT7vuTTCGpLbNyZ1NfC6oYm,Tier 3,,Tier 3,0.0,16173.580000000002,25.90740625644689,0.026401
FNvTgAas5BugJn9LzTenV3ctT22UoLFEMaUQ5Kk3iUox,Tier 3,,Tier 3,0.0,15723.5875,166.66663888889352,0.009125
8FhiCNju6QyBRhgWw3efVnEn6HQAKHbE9YvCDBsMbvVa,Tier 3,,Tier 3,0.0,15534.7025,155.87854629538265,0.0060012499999999
DKgvpfttzmJqZXdavDwTxwSVkajibjzJnN2FA99dyciK,,Tier 1 (Elite),Tier 3,3.0,15630.8033333333,4.0,4.0
2mXiAmBVk6Dhhqi2858q1A4aJravZ6QDATu2SWuXqGnQ,Tier 3,,Tier 3,1.0,15540.73625,22.061114316591024,0.048235125
82fw39yvdCG9z3egUTb8mEbxG6tivMdmFtqk8Z29X23u,Tier 3,,Tier 3,0.0,15012.03875,59.25925574759966,0.015125
F6yzLWQri6EANF3wjDDAy1HGNNYFzGc3ToRHZXQjNHRL,Tier 3,,Tier 3,0.0,14310.73,523.5599353089344,0.0025185714285714
49Y67vr5whXpTTv8rA4zcgF8JVYi7QFZSc7zbMCXqKkX,Tier 3,,Tier 3,0.0,14795.855,4.3572984559594845,0.343
6Tt3gG7skYxDtDHddvXvtsggYeF5HpPdtwim7VG85FJ2,Tier 3,,Tier 3,4.0,14731.46761904762,0.1904124122126363,0.0216717380952387
FpCgGwrowtdTM8hhHtP3o2shRJqThpnodEk3JG1bkPfx,Tier 3,,Tier 3,3.0,14331.348076923075,186.72657582974145,0.0038071153846153
5HScLdzxqPNyMiua4fqsQW49RNP772z7dNGXQbB4XAnD,Tier 3,,Tier 3,1.0,14296.99875,0.1244822258910199,0.0531030416666666
3dwQJy6nXB6SpzDBaz6hw7qcVCzepX6KNg5sPNw3hxHm,Tier 3,,Tier 3,1.0,14290.6840625,0.1457584026750954,0.7164248437500005
CrkK539YNKbsCRWYnH5oEs8Nnn66BjgkdvFEZ8mQ58gk,Tier 3,,Tier 3,1.0,14119.228965517244,120.6525661288498,0.0033192827586206
7VT4B3TfKk4bxc79YA9vTwf1dmUAz2YbywcBqxryeoqj,Tier 3,,Tier 3,1.0,13765.911875,108.31139982357156,0.0031219874999999
5TuiERc4X7EgZTxNmj8PHgzUAfNHZRLYHKp4DuiWevXv,Tier 3,,Tier 3,0.0,13734.947826086956,0.1978264132094303,0.0812948913043465
9jyqFiLnruggwNn4EQwBNFXwpbLM9hrA4hV59ytyAVVz,Tier 3,,Tier 3,7.0,13521.98814159292,116.08600564782252,0.0741186
3UUT9aDMCD3ANH5xktyfUzkNnjALLEtrz6ABGCgMRCQZ,Tier 3,,Tier 3,0.0,13627.326666666668,0.6770480699546052,2.7769999999999992
J7Jgt2yYMdUdKdBmN4fPsT7D4P5h3GeeGReo12kmGgbW,Tier 3,,Tier 3,1.0,13362.832608695651,25.905713791603823,0.0929636956521739
6m5sW6EAPAHncxnzapi1ZVJNRb9RZHQ3Bj7FD84X9rAF,Tier 3,,Tier 3,1.0,13323.492499999998,0.1381461861922767,2.9672382375
5H4paKNNYy9dTDKNGGNEvBq7peHfw33TKcb3byjTmN34,Tier 3,,Tier 3,0.0,12619.674,614.778916280022,0.0019734
ExsNiyJdxH6YPZtmrPk8SjGnBH3ceBRiGDyXXzJHopjX,Tier 3,,Tier 3,0.0,13093.922,0.036453776609928,16.404
2pNKHGJMW1U6PWMtQRcVWMir7UakgHfywS8XfwG5fLoM,Tier 3,,Tier 3,1.0,12698.538666666667,0.0721640641633495,1.2382807400000022
G5jeTRUrsGanSFDhdvbzsygr1nkRuCpc2oCv52qAvLxD,Tier 3,,Tier 3,1.0,12612.992631578947,54.14879225721518,0.0061591052631578
7Etx2aPsdkGgbbZyv1WYdpqmhqY1JBdYwKPnoa95NyuU,Tier 3,,Tier 3,0.0,12449.77,142.85712244898252,0.009
tVNCPoTDuW41ZXhrshotLQ1sK8MiYuMgAypcXgbznmv,Tier 3,,Tier 3,1.0,12472.081875,0.0725113865484118,1.7791250000000003
6LNDdgFeZQVnBEbDp24okHVa3tjAjFShgbxwA6QJ2SAq,Tier 3,,Tier 3,0.0,11935.21,33.33333222222226,0.035
34KPE4ynkaXuAUbVHuvZ7RS64ffQpANwHcGqXbK2J79Z,Tier 3,,Tier 3,2.0,11865.035142857145,3.327124274608542,0.6325544285714285
2X3W3X57oweF4AGceeq4mi7YMNCDSwUKGfEaayYS3JiN,Tier 3,,Tier 3,0.0,10947.626,754.2610090051222,0.0013505999999999
3xRT22ed5V6gKkR16hcL2H5GEBMu15givEH14ZsTsv8j,Tier 3,,Tier 3,0.0,11556.703333333331,0.0446367806933974,0.9257278333333332
RFSqPtn1JfavGiUD4HJsZyYXvZsycxf31hnYfbyG6iB,,Tier 1 (Elite),Tier 3,3.0,11004.76,0.071,0.848
CpD6SZAJZdN4VYmjf5agWYAcSLbVVCAbnQYbLo4J5TMA,Tier 3,,Tier 3,0.0,10695.86,191.4032226888724,0.0036325714285714
HwTZqU21xxrtmS8JgiHMk7QpGCNM89vAN4d7jkjd47RZ,Tier 3,,Tier 3,0.0,10669.98125,88.25540337087985,0.008873125
EceAXcGP69ZKCnXougTSpuHoGrLZT7e9hkxXmDPx8Qcd,Tier 3,,Tier 3,0.0,10664.98125,11.851851711385462,0.052875
7HGwBPjoGBqHnSPqv2JF9QnySKuojmUKgH8hiHYGesQA,Tier 3,,Tier 3,2.0,10640.465479452054,14.022267779597003,0.0557965726027397
6MyPAg7CBDXJ6MW1odLEv1C7PbKmwi2BTvF1pA9d8Svj,Tier 3,,Tier 3,0.0,10628.456666666669,0.1146260127041011,0.7343934166666664
3daLWaPMpiw42nVGFS6pCBXECR7hEz4ThAEFvvcsggts,Tier 3,,Tier 3,5.0,10410.649,9.76745258194795,0.100244641
8vgWMfTj4Pse68cLhpktt78qwKvR2W2qMC4SwjHf4Pwo,Tier 3,,Tier 3,0.0,10031.673846153846,267.6438384384028,0.0028580769230769
BGBttLcENaMYmQv9Kaxt6M8vRpaWfswRxJkh7UQjkgt3,Tier 3,,Tier 3,0.0,9648.281666666668,534.6875900614409,0.0015327499999999
2dSNsGcnLgjUBsHFhjVoqC5fCqDPikRKtTyNvvoxD1bp,Tier 3,,Tier 3,0.0,10038.348000000002,0.0486140144457217,5.924599999999998
BwJcdvMJAbnib1wV9KrzEa4hRzEERvHwoPWsy5fuwJHJ,Tier 3,,Tier 3,0.0,9120.662272727272,42.5901780521499,0.0122714999999999
9YCsMTv3Ye6M5csEL6tAdPWxBeZfkuRSaTUzKuKJcVXb,Tier 3,,Tier 3,1.0,9080.145,31.92090808854698,0.0061725714285714
2yqpJzvCu9BXTKP66LQpgasJMssfRKVEfv9ykG4AuL42,Tier 3,,Tier 3,0.0,8995.035000000002,8.810572609598479,0.047
ApWMt5Xnvz71nxsEVipGnobd7aAQ4MKGV3Vu8MSWNeX4,Tier 3,,Tier 3,0.0,8829.336363636363,0.0471471679409055,0.4880000909090896
8QdBuof8Vj9YR83zGuzDjtEFvWGkG8TdyB6XVskxh8UK,Tier 3,,Tier 3,0.0,8740.983684210527,0.1097843384777933,3.649380526315792
GeSiVKvwts7UNthYf5KgP56PEnsDLjwZJztWGRAuCnye,Tier 3,,Tier 3,0.0,8597.795,0.0450640741264484,2.525874333333334
7VJMsDNnfUAXTWx3oXYXpnwD4JY4LSzwt7zCz7G8oaiw,Tier 3,,Tier 3,0.0,8203.744,0.0270379883729339,9.544800000000002
6wzZk7jpHJFp94e7AnKxx4FpoKhK3Ucs9EGSkkPJVw7z,Tier 3,,Tier 3,2.0,7885.290789473684,0.1826324367072029,0.2556792894736839
5owZXjEe27wZTRevqRUETwia3EctJiaYtKhpqmPzWHuj,Tier 3,,Tier 3,0.0,7628.465714285715,147.01000447183432,0.0019611714285714
nAxHm1ZmiSbu9kPM4orssuRRUqCJGWE4rzEtYpa5yTp,Tier 3,,Tier 3,0.0,7592.75375,0.0433575966526319,0.7290328625000022
2ogFTf6Y5JmRM8P6KHt3ed1MdnjFw6k71vhsJ95nrTbW,Tier 3,,Tier 3,0.0,7273.772500000001,124.99998437500196,0.0052499999999999
2wgjFZvCBbbAqom8vHXT5dWiMMBMVkNC91H8pj1PNrRA,Tier 3,,Tier 3,0.0,6582.502,0.0198282870338899,3.4115999999999858
H14kzfwBM5jkenoZhyzJnMszwDZaed42gfJaeDj3bGAL,Tier 3,,Tier 3,0.0,6078.586666666666,175.5925942769808,0.0022508333333333
84g8dUhv3K6Q1GhJCF2KtQtuuGP4KxGJSVYAqNcc2Tu3,Tier 3,,Tier 3,0.0,6073.173333333333,0.0149587885373552,5.043666666666667
E4Ao1rUU6nmLVLniY8EJMXkLzxSE2qncuoNb3cAuNUAe,Tier 3,,Tier 3,0.0,5909.214,0.034556638329029,24.225
Fgk8s9GnxvVGp2NDm37BdpyjNfh3ed2coLKABR3Y5Yuy,Tier 3,,Tier 3,0.0,5881.9825,0.0397594552938816,11.300250000000002
7LEW7DPDwWUiJ14kGeULL6qUXV6atjRyu45eJRYDZGrY,Tier 3,,Tier 3,0.0,5868.2515,0.4402863602938637,1.74966835
73DikXviG5NmHHuBjgz7uLxVXFLoR37zv8JTCU3zRdy2,Tier 3,,Tier 3,0.0,5259.936666666667,0.01714256327005,2.7006666666666703
HWH5ufhjnPDUGcY9kF72EAGmP2KRHAL1vLLXuBK6sk8v,Tier 3,,Tier 3,0.0,4808.312,4.78011469990385,0.0554
ZoMap6zDZaZWCXKewSXXnCmxcoRaNB6rA4pMcYhsnNi,Tier 3,,Tier 3,0.0,4435.12,142.8571224489825,0.0019999999999999
DFmF5yu6WKLiwXE2atXnEtB8C3HgJvkAKScrJtAdbSQa,Tier 3,,Tier 3,0.0,4541.184,0.0231111275451565,5.356999999999999
WT63B61tRb1ZxYghgezjbLidHCKKnRVrTwEEdPhz3FN,Tier 3,,Tier 3,0.0,3951.848,8.902077072088334,0.0297333333333333
7jxTMCqzF4t7iMSeVSCvG4PXP8kmB6YCa2WgcUWKWWvH,Tier 3,,Tier 3,0.0,3460.004,47.61904535147403,0.0023999999999999
2BzqAXVf3jXQKjXerWnkrYkGhJgGgtigogm5yoKv2pty,Tier 3,,Tier 3,0.0,3433.43,27.77777700617286,0.012
BrmvfRBVqgMeAjozL7FFvMwZMvf6BuBG1m5ZUGAgdN9Y,Tier 3,,Tier 3,0.0,3157.0575,0.0852737835731313,0.2469711874999998
C81t8BvVMp5KfqcyZYaFhzL1DE7JByP6QikbjWfv4EfK,Tier 3,,Tier 3,0.0,2567.03,133.33331555555793,0.0005
7CeeipDnoTVE343cfmNuaEPL1BWLBzFKL2jzHcqBXN9c,Tier 3,,Tier 3,0.0,2446.76,0.018365443060421,2.2500400000000056
7UJ3RFzxBoVuQLRtFk4sBPGJBwMUbMUVxS1JdUXDbSkw,Tier 3,,Tier 3,0.0,2370.8275,3.734827250290094,0.0855
GgG65z3MXpmGnV3ZapKv5ayDqox1x7CJnqP1LD8FaZdt,,Tier 3 (Monitor),Tier 3,2.0,2288.455,4.0,2.0
3nptjNHuusLfyduYekcXS3143FTmPsWhqFidGBZYbUpf,Tier 3,,Tier 3,0.0,2289.902727272727,2.1769245945089706,0.0708181818181818
GnjUARqXzrCecVG6fwZ3bc322TZN435tR8Erjz4oKDM7,Tier 3,,Tier 3,0.0,2056.766,0.176046006658756,2.4686666666666657
6p8cxa2G17qaJf4LnoioyQ2vjmfaY91hc2cYghQiovXf,Tier 3,,Tier 3,0.0,1873.59,32.258063475546344,0.0059999999999999
BiMYC4S8Liu7c9vKUXq9eHxNWLahTwHLqngM4HVnMkRa,Tier 3,,Tier 3,0.0,1708.2258333333332,3.317666563502349,0.0256666666666666
6eTVdrNuWgYSTNC7koDJfVf3Aegp562AUwqENdi69TZF,Tier 3,,Tier 3,0.0,1246.87,0.0050838840874169,24.5
6Gth883bJjWcrf89qeMGhQdkanT8ABM9q8e75QCsefHM,Tier 3,,Tier 3,0.0,1183.3375,10.23017892347643,0.0074999999999999
2ESHs22s4eKmYukpCogu58WFnj2bgeARhb3UPfHVcRuP,Tier 3,,Tier 3,0.0,814.8366666666667,0.0257261197286993,0.3313333333333403
8og9cGUhGw7AaxfyJq2xY4691wDdvNTum2BSxJQivZa3,Tier 3,,Tier 3,0.0,608.2914285714286,0.0567288522910587,0.8170000000000002
D519UqMXizwW8LJi9sNqm7Fyw6sgzK24Ww3ibPbbZffc,Tier 3,,Tier 3,0.0,525.65,3.174603164525069,0.017
